sequence,label
ATCGTAGCTAGCTAGCTAGCTAGCTAGCTAGCTAGCTAGCTAGCTAGCTAGCTAG,enhancer
CGTACGTAGCTAGCTAGCTAGCATGCTAGCTGCTAGCTAGCTAGCTAGCTAGCTA,promoter
TGCATGCATGCATGCATGCATGCATGCATGCATGCATGCATGCATGCATGCATG,noncoding
GCTAGCTAGCTAGCATGCATGCATGCATGCATGCATGCATGCATGCATGCATGC,enhancer
ATGCATGCATGCATGCATGCATGCATGCATGCATGCATGCATGCATGCATGCAT,noncoding
TATCGCGATCGATCGATCGATCGATCGATCGATCGATCGATCGATCGATCGATC,promoter
GCATGCATGCATGCATGCATGCATGCATGCATGCATGCATGCATGCATGCATGC,enhancer
CATGCTAGCTAGCTAGCTAGCTAGCTAGCACATGCATGCATGCATGCATGCATG,promoter
TTTTTTTTTTTTTTTTTTTTTTTTTTTTTTTTTTTTTTTTTTTTTTTTTTTTTT,noncoding
GGGGGGGGGGGGGGGGGGGGGGGGGGGGGGGGGGGGGGGGGGGGGGGGGGGGGG,enhancer