sequence,label
CCGCCGACACTAAACGCGTTCAGAGCTCTTTGTGTCCATAAACCTCGGTAATGGAAGGATATATTCCAT,enhancer
CTCGGATCCTCATCAGGTAGATTTCGCAAGCGGCTTGGCAGTGGAACTTCTCGTACTTTGGGGCAGGGCCGTTCCAATG,promoter
GCATTTGACCCTGGAAGGATCAAGCGGCCTTCGTTAGCCCACATGTATGGCGATCCTGTAGAGGGGCTATCCCACCTCTTA,promoter
AGCGGAGAGGTTCTCGCCCCAGTCTTACGGCATCGGGAAGTACGCAAAGCATTCTACCGCTTCTAAGCGCATCGTCCGACTTATAGA,promoter
TTATGGACTTTACCACGTGTTGGAACATCTTCTCCCGAGAAGACCCCTAAGCATAGCGTCGATCGAAGCTAG,enhancer
CAAAAATCTTAGGCTCGACTTGAAGAGATAAGCAATTTTTACCACCACAGAATCCCTGACCACCTCGCGCGGTGATC,enhancer
CGTTTTAACTTCTATCTCCCCTCCCTGCTTCAGTGAGACGACCGATTCTCCTGGTCTATAAGTCCAAGATCTGCGAAC,promoter
ATCCCGCGAAGGGTCGACGGAACAGAACAGCCGTTTTTGTCTGCAATTTGCGTGTAACGCA,noncoding
CGATAAGCGGCTCATCACCCATCACAGCACCGTCCCTAAGACTTGGGCGAGTTAAACCACCACCTAGTACGACCGCAACCCC,promoter
ATTCGTGGTAGTCCCATAGATAGGGCTCAGATCAAATATTGTGCGCAAGCCGCGACTTGAACGGCGATATCA,enhancer
TCATGCCGACAAATAATGTGAAGAGCCCGAATCTGCTCAGGGCACTAGGGGGGTGATTTAG,enhancer
ATCTAGACGATCGACCTTCTGTGTTGCTATCTATATCTGGTACGGCGACTGACTCAACAACTAACGC,noncoding
AGGAGGGTAGGGCCGCGTGCTCTTAGAGCATTACAGGTGACGTCAGGATTGCCCGGTACTCTTCAAATTACCGT,promoter
TTTCGAACGGATCATAGTTATTCACAGCGGCTGGACGATAACGCCCCACAGCTTGGCGAAGAGGC,promoter
GACAGGCGTCTTCAACGGAGTAGGCATTCGTGTTTACTCCTTGTCGGATCGGACCGGTCTGGCGTGGTACGTACAGGGTTTAGA,noncoding
TCGTGTTAGTGGGGAAATTTCCCCTTCTCAAGGCAGCAATAGCCTCACCGGAGGGTCATGTAATAGCCCGCCCAGACTACG,promoter
GTGAAGTACCTACAATACAACTTCTTCCGCATCTAGGATCTCAGACACTGTCAATACCAGTCTCCG,noncoding
ATGCGATTTTTTACGCGCCCTTGTTGCGATGCACTGCTATAGGAGGAAAGTCGTGTGTTCAT,noncoding
TATAGGGCGAGAGACTCTAACTCGCAGAATCACGCTCGCTTTGTAATACGTACTGGGCTGGCGGTAGATCGCGACAATTATCCGAA,promoter
GGCACCTGGCCGCTTCAGTGAAGGCATCAAACGATAACGCCGTGCGCCCGAGCGACCCCGGATTCTGAGGGCCGAAC,enhancer
GAATGGTAACCCCTAGATATACAGCTGACTGGCAGTGAGGTGGGCTTTGGGGTTTGTTCATAAACTGCCGCATTTTCG,promoter
ACGTGCACACATTCGTACACGTTGTTCTTGAAGACTCTACGTAACCGCGTCTACACCTACGCATT,enhancer
TACATGCATATAACCAGGTCACTTGTTCTGTGCCGGGGCTGCTCAGAGATAGTAAACATCGCGGTTAGTGGAATAGGGAAGA,noncoding
CCTTAGAGGTTATGGCGGCCTATATCTTAGTGGCGCGCTATCCGATATAGAACGTAGTATAGACACAGTCT,promoter
GCGAGACCTAGATTGTGTCAGATGCGGCGAACAATAGTGGACCCTGTCTTCCATCCCGCTTTACCCAAA,promoter
ATTTTGGTCGAAGTGCGAGCTATCGGTATCACGACAATACGGTACTCAATAAATATAGCAGG,noncoding
CAGGGAGGAGGACTAACAGGCCGAGACTGTGACCAGGACCACTCAATTTAAGTGAACACTTCTCCGGCAGGACTTTGCGGTTGCTCT,noncoding
ATGCTAGAATAAGGGAATCTGCGACGCTACACAGGTTGTGTAATTTACGCTCCCCCCAAACGGCTCGTAGGATATTTCGCTTTACTTAT,enhancer
GGTACTCGCAAATGTCTAGCGAACAGCACCATCTAGTCTGGCGCTTAGCCCTCTCCGTAACGACCATCCCTCCCTTA,noncoding
CCATCGCTGGCGGCGTAGAAATTTCCCAGGTCCGATTTCGTGGGTTTCATTAATCCGGATACCGATAAAATCGA,enhancer
CGGTCCGCGTCTGAACTCTGAAGCTTTCCGGGCATTAATTTGGTATCGAAAGTGATACCGACCACTTAACA,promoter
CGGGAATGTTCTACACACCAACAACCGCAGACAGCTAGCTGGCCCGCCACTTAGACTAGAGGAGGAATACCCCTAAGAAC,noncoding
CGAGTGAATTGACGCATTAAGACGCTCCGGAAGAATGAGTTACCACTCTCTCGTATCCGTTAGCCTCCGGAGCTAACAGCGCAG,promoter
CCTTCGGCTCTGTTTTTCCTGACCACATGCAGTTGCAATTCCACACGCCGCCACGTAACGGTTCTCATAACAGGAC,enhancer
AGTGGCTTCCCTAACGATAGTTAGTTACTGTTGTTGCTCTGGCTGATACGCTAGAATGTA,noncoding
TCTAAACAGCAACAGAATCAGCGAGCCCATAATGATCGTTGCGGGTACGCACTTATGAACGCAACCTAGTCTTGACTG,noncoding
TTCCGATGATAGTTGCCCCTAAACGAAGATCATGTCGCTATGACACTAATAGTTCGCAGACTGGAGTGTTCAATATAT,noncoding
GAAGAGAGACAATGACCAACGGGTCAGATATCCCCAACTCAAGGTAAGACGAGTGCCCGTA,enhancer
CAGACCCTTTGCCAATCACCGCACAGCGCTGAATTGTCCCGTTGTAAATGTAATGTGATGAAGCTACGTG,enhancer
CCCGCTTGACACTCACCAAGCAGCCGCCGCCGCTTATCCTGGAGCCAGGACTACATTAACTGAG,enhancer
GCAGCTTCAAGACCTGGCTTGGTAGACACGGATCCCGGGATACACTCTAGCTACTAAGTTATGGCTTTCT,enhancer
GTCTAAAAGAGAACATAGCGGGAAACCAACGTTCTACTACACTAGAACGAGTTGGGGAGCT,enhancer
GTTGAGCCTCCTTGGCTTATCAAGAAGCGATGACGTCGACAGCTATATCGGGTGACGGAAGGTCCGGA,enhancer
GGCACCTGACAAGCACAAGCTCGTAATGCTCATCCCGTTTCACAATCGATACCGCTAGGAAT,promoter
AAGTATATCAAATGACGAAAACTTATTGTCCTTCAAACCGTCTAACGGTGTTCTTCCTAAAAGGCGTAACGGTCGTAACGGAGAGTT,enhancer
TGGGGTTACATGATATTTTGAAAAGTACCTTGTTGATCCATGTAGTGGTATGGAAAGTTAGATAATCGG,promoter
GGGTTAAAAGCTCATTATTCAATCCAGGGTTATGGCCCTACCGGCCTACGCTGGACAGGGGGGGTCTGAGTC,noncoding
TAGTGATTCCTGCTGGAAGAATTCTAGCGGCCTGTATCTAGAATGCGTATGAGCTAAATGGAGACATATCTGAACCTTGACCCTAGGT,promoter
GCGGCGCCTCGCACTGCTGGTATCACAGGCGTAACTGAATCGAAAACGCCTGTAATTAAAAAGGAACCCAATCCTAACTATGT,enhancer
CACCGAGGTTAGTCCTGGTGCCCGCAGCGACCCTATCCTAGGCATCGCTCAATCTCACCAGGCTACCACGACATTG,noncoding
GACCATCAGGGTGAGATGTCCGAGCTATACAGAGCTATGGGATCGGGGCGCAGGACGGGGTGCTCTAAGGCATTAA,noncoding
ACCGGTCTACATGTTGGTCCATTCAGACGTGTTACGCGGACCGCCTACGCCTCTGTAATC,enhancer
TCGATCATCTAGCTGCTATTGGTGCGGATGAGTCGGACACTGCGTCCACGTACAGGCACGTCG,enhancer
CCACATTACCATTCATATGCCAAAAAGAACGTCGGGATCCCGGTGATCGAAGTCTGGCGTGGTCAAACACTGCC,promoter
TCGGTTTGACAATGATACCTCACTGCGTCTGCGCCTGCTTGACCGTCCTAGTGCTGAGTGCG,enhancer
TATGTTTTATGGCAATGAAAGCTATTACTAGAAATATAGGGGAAACTACGCTACGAGGACGTCCGATCAAGCGCGAATTACTGTTGGAG,noncoding
GACGATGAGATTGATGTTCAAGTACGGTTAGGCATGTCGTGGCGCAAGCAGGTCATGGCCAAATCAATATGAAAGATCAGAGTCTC,noncoding
GACGTACTACGCAACGGGCGATAACCCATTACGATACTCGGTTAGGCGTTTCCCGGTCTCAGGTTGCACACACGGCGCGCACGCGG,enhancer
AGGCTTGCCTGTGAAAGTTGATCAGACAGCGTGCCGGATCGGGTTGGCCGTAGGCATGCCTTGGGT,enhancer
GTTGGCTTAAACGACTTCTTCGCACTACTGGGGGGACAAGACGACCTTCCAGAACTTTTAGAC,noncoding
ATACCCCTAGCAATGAAACAAAGCACCTGCACTGACTTTACAAGTGATCGTTTAATCGCTCCGGCCTCCG,promoter
GAGAAAAGCTAAGTACACCAACTAGATTTACGAATAGGGGGTCCCTAACACCTCGTTATTAGGTTCTCCTATTTTGACGACGCTG,enhancer
TCTCATATAAACATCACGGACCCTAAAGTCTAGATCTGGCACAGTTAGAGGCCGAACATATGTCTACAACGGCAAGTTGCGTAC,noncoding
AGGCGAAGGTCGACGATGTTCGGTCCGATAGCACATAGGCTTTGGCGAAGGCGAAGGCGCTCCAGCTGCAGCGTGTTATGAGT,promoter
ATGATGGAAGTTGATAAGGCTTTACACCATATATACCACCTTCTTTCGGTTTAAACGGATGCCAC,promoter
ACGTCAGCAATGAGGACGTTCATCGCTCCAATTGCGCAGGTTGCCTAATCATTATGCCTCTCCTTGCCTGATCTCGGTGGAGCGCA,enhancer
TCTTGAATTCAAAGCATCATACTATCCTAGCAACCTTACGTGGCGATTTTCGCATAGATAACGTA,enhancer
TTAACACAGGATGCGGTCTATGACTGGAAGAAGTCTCCCTACGCAAAAAGTGCTGTCAGCCG,promoter
ATTCACGACTCGGAAGCGTTACATCGACGCCCCGCGTGTTTGCGATTCCAAAAACGAATATGCGTGCGACGGTGTAA,promoter
TAAGCCAAGGTGGTACGTCACGAATAAAAGTTTTCTAGTTTTCATAAATGATCATCTCGGCTAGATCAGCTAGTACCGCAATAAC,noncoding
ACCCCGTCCATTTCCAAGGTTAGCCCTGTCTAGCAACACGGTCATTTGCTTGCTCACATAAAGACGTTTGG,noncoding
CCGCGCACCATCTTCCCAGCGACTCTCATGACAGGGCTCCCGACATAGAACGCTGGAAACTTACGGGTCAAAAATAAA,promoter
AACACAAATGATTGCAACCCATGTTTTCACATTGTCTAGCTCAGATTCGGGGTCCACTGGCCAACG,noncoding
CGACCACGCCGCGGTCAATTCTTCAGCCGTCGGCTCCGCGGTTACACTAAAATGAGTTTAAGGC,enhancer
AAAACCCATTGAGGGACATCAAGCAAGCGCTCGTTATTTGAGGTCTTACACATGATCGCGTCCTTGAATTCTAAAATTACATATAGAATG,promoter
GCTTGTCTGGCCGTTAATCTGTTGGTCTCCACCGGACCGAGAAATGTGTTCCGCTAAGAAAGAAAACCTA,enhancer
TCGTGTGTCTAAAGACGACAGAGGGGCCGGAACAGCCCGATGGGCTTCAGGTGCTGTGATCGACAGCTC,promoter
ACCCCTGTGCCACCAACGTGATGCTCCGCGACGCCGTAACATTTTAAAATAGAGGTAGACAATGGCAGCAACCAGTGA,noncoding
CAGGGCTCTACCGGCCTATCCCAAGCCGTAGCTTTGACCCGTCCTATGCGGCCGATTAAAATAA,promoter
TTTTACGTCGATTCTTTAAACGGCGCCTTCTTCAGTAGAGGAGTCCGCAAAGCGAGACGGGGAAACCGTGCTTTA,promoter
TAGACCGACACGATGTCAGGTCACATACCGAGTCTAAACAGTTCGCTAATGAGCTTGGGTGAACAAGAAAGCCACATTAGTGGAGGAAA,noncoding
CCTAAGGTTCATTTCTCGCCAATTGTGCCACTTAATGGAAACTTGCCTATACACACTGGG,enhancer
CGGTTTGGTGGCACACGACTGTAGTCTGGTTCTAAAAAGTTTAACGGACTACCTGTGAGTT,noncoding
ATTCATGCGCGCTGGCCGGTATTCCCAGCTTCGTAAATCGCGTTTGATGTAAATGCGCATAGCCGTATAAAGGCGTCGCAATTTGGCG,promoter
ACGTCACACCAATATATAGTGAAACAGCTGTCGGCGCACAAATGATAGCGTATATGTAATGGTGGCCAAGGCAA,enhancer
CGTACGTTCATGATGTTTTGATGAATTATATTTGGCGGGGGCAATGCATTTTGACACAAATACGG,enhancer
ATCGTAGATGCTAATCGTGTTGGCGTGGTGGATAGAACGTCTAATTGCTTCGGTATCAGCTACCAGTTCC,promoter
ATAAAGGACCGGTCGCGTAGAACATATGATGCATGTGGAGTTCGTGTCTGCGAACCTCACCTGAAGGAGGATAAAGCC,promoter
GGCCACAATCGTCTGGAAAATTACTAGCTGTATGGAAGGAACAACATCATATGGAACAGATCCCGC,noncoding
CTCCGATCTTACCGTAACCCCCGTCTCGCACGGCATGGACCATGATACATTGCTCGACAGAAACTGGTGG,enhancer
CTCCATACTGACTGGTGGTTAATACCTTGATGGGCAAGCACCACGCGCCTGAAGATAGGA,promoter
GTGCCACGTATTCTCTTTGCTCGATCTCTGCGAATTGTCCAGATGTCTATTGGTATCCAGCACTCTCCACGAGGAGGAATCGTCCTCAG,noncoding
CCTTTGGCGCGGGTTATCCTCATAATGAAAATGAGATCATGTACTTATAACAGCACTAATGTCTGATTGACTACGATGAT,noncoding
ACTGGACTTCCCAACCAACGGACAAATGTGTATGTATGCCGGCCTTATGGCAACTGTCCGTGTGGGTCATATTGTTTGGCATAGTT,promoter
TTACAGCTCCCATCATCAACACCCGCCACCCTTTGCGTGAATGGCCTGCGTTTTCGAACGTACTAAAACGTTAAATCTATCGAGCAAGG,noncoding
CAATGGTATATGTTGTTACCGCTCACGGTAATAATCTGGGGCAGTTCCATAGATAACCCCGTCGGATTGGATGGT,promoter
ATTCCTGTTGAGTTCGTTCGGTGAAGTACGAGGTTATGGAGGCCAAGGCCAAGGCTTTGTGTTGTGACCCAGATAAGCG,enhancer
GTTCTGCACATACTGTGAAAGGTCCTTATCCATGTACTCTAGACCCGCCTAGGTTACCAAGTTGTATACTACCTAC,promoter
TTCGCTACTTCAGTCCCGTTATGCATAAGCGTCGTAGTTGTATAAAATAGTGTCGACTGCGTCTGGAGAGGCTCTC,enhancer
CACTGGCTTGATGCCATACCATAAGTCAATTATGTGGAAATCTTACATCGACAGACCAGCGTCATGGGTACCGGGTTTTGTAC,promoter
AGGGTACAAACGAGATGTTCCTTCGTGTTTTAGAATGTACGCTCCGCCAAGGAATGTGCCTGTCCGAC,enhancer
ATGGACTCCGTTAGGTTCGACTAGCCCCCGTATTACCTTGAGTTGATGTAGGGCGGCGACACGGGG,noncoding
CGCCACTAATTTGCGCTGAAAGAAACAGGTAAGTTTTCTACCAAAAATAGCGACTCAACGTAACCCCCTCA,promoter
CCTCTCGCGACATTCTGTACATACATGGGGTCATGACACCCCTACACAGGATCTGTGGAAGATCGAGTGCGATTGACT,enhancer
CTCCTCGATTACTACGCCCATTCCGGGCGCTCCTAGCACCCTCAGAAATAAAGGTAGAAGCTCATGGGGCCTTTCAGGTACGTGCG,promoter
TAGGGTATTCTGACCCACCTTCAAATGAAAATAAATTTGCGCTGAGGTATGGCTCGAACTT,promoter
GATTCTAGTGCCAGGCTGAACAGCTGGCAGGCTTATAATCTTGAGGTAGTGGTATAGGCGGAGAAACAAATGG,promoter
TGACCTTCAATACGATCGTGAGGCACACAATCCATCCCCGGTAGTTAGCTCCTCGCTAACGTTACGAGCCAGGGCATCTTG,enhancer
CTATCAGCTATTCGCCCCGTGATGCGTATCTTCGTCATAGATCTTTTGAAGACTCAGGACAGGATATCATTACGACGGG,promoter
ACCGGGATTCAGGGGTCTGGACTCAGGCATTCGCCCTCAGACACACAAGCTCTTAACACCCTCC,enhancer
TTATCCAGAGCCATATATAATGAACGATTCAGTCTACTCAAGACCCCGCCCAAGCTCCTGATGGGAAGGTTGCCGGGCTGACGTG,promoter
CGTCCTCTGTTTGCGGCGATCTCGGGATGTTACAGGCTATCTTTAAAGAAAGAATGGTAATGACGCGAACGCCACT,noncoding
CTCCGCCAGTACTAAGAGTCCTTTTGGCAGTTCACCATACTTCACCTGCGTCCTGCGGCCCCGGC,noncoding
TCTACAGTAACAGTCGCTATGGCAAGTTTAACCACGTCTCTATAGGGGGTAAAGCCGGTCGATTTACCGGCGCCCTCATGAAATC,promoter
ACGCACGCCTGCAGAAAACGACTAAGGTATCGTACACGGGCCTGGCGACTAATGAGAAGATTCTAGTGCTGTTAGCCTTTAATTATC,enhancer
GCTGGGCATTGGGTAGGGATGGTGGCTTTACTCCAGGTTTTCTCTTACGAGCTAGATTGGGGGGTCGTGTATGTTAATA,noncoding
ACGGCCGAGCACCCATGTTGAATCCTACCCTGTGGCTGTTAGCGGCAAAGCTAAAGTGCA,noncoding
AACCGCATCGTACATGCCCTTCGACTTAATTTCGACTCGGGTGTCGCACTAGTGACATTGGACTACTCGTGAGAGGCGTACTCTCTCAC,noncoding
AGTGACGCCATAGCAATCGTGAGTCACATCGCTTCTCATGAGGTGCGCTGCTGAGGCAATAGCGACTGGGA,promoter
GATTCGACCTGCGGAATACGTTGACACGCAGGTTGGACCCATCTTCCGCTGAGGCGCTTCATTATAGCGCTACTATGAGACAAGCCAATG,noncoding
AGCTAGGCCTTCGGCCTCTCACGACCATTTGCGTCCATTGCAACATTTCCTCCCCTGGAGCTCTACCCGCCCCG,promoter
ACGATGTATGAAAACCTGTCTGACTCGCGTGGAGGGTCGGTTCAGAGTATATCCTTCTGTATTGGTCGAC,enhancer
GCCGCAGCAACAACCTTGGTGAAACAGTATCCGGCTCGCTCAGAATTCCTATTACGTTATTTACATGTATTTATTATCCTCGTACACCA,noncoding
GGATTCTAGTCAAGTAAGGAAGGCTCTCACGTATGTATGTGAGGCTGACCGGTTTATGCCTTAGAATCGGCG,promoter
GAACCCTATGTAATGGGTACCCATCTTTGGGGGTCCAAGGGTGAATGCGCTGCGAGAAGTTGAGCAGACTCCAA,enhancer
ATGCAGCAATCCTACATCGATACATTGCTTCCGTCCGCTCACACGCCGAGTAGGATCCATCACCGTTGGCCCATCTCAATAGGAC,promoter
CCTACCCTACTTACGGAACCAGGCGCACATTGGAACCGCATCATATATCGCCGAACTCCATTGAATAACGCGAGGGCGGTCATAGCTC,enhancer
AGAGAGGTGGATGTAATATTACTGCGGGCTAGTTCAACCCATTGGGTATAATGGTGGTCT,promoter
ACGAGCATAAATAGCACGGTCCAAGTGTAGGGGGCAGTTCTTTGCTCACCGTATTACATG,enhancer
ACCACCAGATCCTAACGCATACAAAAAGCGGAGAGGGTATGCCCGTGCGTAGACAGGAGTCCCTCCGTCGGGGGAATAAACTCCACTGGT,noncoding
TGTATGACTATACCTACCTGCGGTGAGAACAGATTGCACGCTCCAGTTGATGTCTTCGAAGTTGTATCCGATATCCGGCTCCCG,noncoding
CTTAAAATTCCCGCCACACGAATGTAGCTGCGGGCAGGCCCGATGCATTCTAAAACCCCTCATTTCAAATACCCAGGGGACGCATAC,noncoding
AGTTCTCGTCCGGAAACCATTGGTCCGAACGTCGACAGTAGCTAACCGTCACAGCGGACCAAGCTTTGCGCCCCGATTGTGTGGGT,noncoding
GGGCACTCAGTTGTACCCACCCATGTGCCGAAAGGTAACTCTCTAAACCTTAAAGTACGAAATCAGTCCCTCCA,enhancer
TCAAGTGGGTATTAATACACTAGTGCATACCCGCTCTGGCTACAGGCTGGGACCACGCCGTGTCCTGTGTGCGACAGTTC,noncoding
ACCCATAACACGACGATATCGCGCTGCACGGGATAACGGGGGGGCACATTAACAGAGGAAGG,promoter
TTTCTAGTACCGGGGTAGTAAAAGTTCTACGAGACCGGGGCAGGTAGTGGTCACACGCGTATAGTCGGAACCACCG,enhancer
CCGCGTGGCATATTGGGAACGAAGCTGATGCAATTAGCCACTATCCCATTTCTTGTGCGC,noncoding
GTCCCTAGCCTGTCTACCACTACTGAGCTGTTCAGAGGACCGACCTGTGCCAGGCCCTCATACGCGTCTCCGCACCTT,noncoding
GTCGTGACAAACTGAACAGCCTTGCATGTATCCATGCTTCCTGGTTTACCGATCTAGACACCC,enhancer
AGAGCAACAGGTGTCTAATCCTCCTACAGTGCAAGTAAAACATTGCTTCTGTCCCTCGCAACCTTTCTTTAAAAATATTG,noncoding
GCAATTCCCAATTGAAAAAAAGCCACAGGACTCAACAACAAAGACACCCAGACCGGACGCTCACTG,promoter
ACGAGACGCTGCTGGCACCCGTTTCAAGGTCAGTCCAGGAGCGTAAAACAAACGGTGCTTCACTACTCTGCTTACA,enhancer
AGATCCCCGGACGCCCTAGTTACCATTCTTCCCCGTACCACGTATTGCCTCAACCCCAAAACTTCGCGGT,promoter
CGTAGCGCATTATAAATGTCATTGTCCGGGTCGTTGTAGGCTCCGCTCGTGGGTCATTTTTCCTCAC,noncoding
ACCCGTCCAAAGAATGGCGGGAAACAAAAAGTCGTGTGCACTCACACCAATTGCTGCCTTGGTAATAATCCTTGTGAAGGA,promoter
AGTATCCGGCCCTAAAACCAGTGATAAGGGTGCACCCTTACAACCTATTAACCTCGCTGCGCTC,promoter
TGGAGGCGTCCTAGGGAAGAATGCTTGTTCTATAATCATACCATAGCATTCTCGTATGCGATCGTACCGCTC,noncoding
TAGAGTACTGCCTCGGTTGTGTCAAAAATAGCTGTGCTTCATAAAACTTCTGTTGTATGAAGGCTGTGATGACAAGCACTT,promoter
TAAATTTCGGCGAAGCTTCTGGTCGATGTATTGGGGGAATAAGAAAACTCGACGGAAGCACAGCTCATAGGTGT,promoter
